{
  "builtin_entity_scope": [],
  "config": {
    "unit_name": "tfidf_vectorizer",
    "use_stemming": false,
    "word_clusters_name": null
  },
  "language_code": "en",
  "vectorizer": {
    "idf_diag": [
      3.087740344494531,
      3.849880396541428,
      3.0232018233569597,
      3.5985659682605218,
      2.9054187877005764,
      3.1567332159814825
    ],
    "vocab": {
      "balance": 0,
      "credit": 1,
      "my": 2,
      "of": 3,
      "the": 4,
      "whats": 5
    }
  }
}